no;kode_provinsi;provinsi;kode_kabupaten;kabupaten;kode_kecamatan;kecamatan;nama sekolah;npsn;bp;status;tahun;pd;guru;tendik;rombel;r_kelas;r_lab;r_perpustakaan
1;11;Aceh;11.07;Kabupaten Pidie;11.07.03;Batee;SD NEGERI 1 BINTANG HU;10100696;SD;Negeri;2023;224;21;3;10;8;0;1
2;11;Aceh;11.07;Kabupaten Pidie;11.07.03;Batee;SD NEGERI 2 BINTANG HU;10100885;SD;Negeri;2023;247;15;3;12;12;0;1
3;11;Aceh;11.07;Kabupaten Pidie;11.07.03;Batee;SD NEGERI ARON BATEE;10100827;SD;Negeri;2023;68;15;3;6;6;0;1
4;11;Aceh;11.07;Kabupaten Pidie;11.07.03;Batee;SD NEGERI BATEE CRUENG;10100835;SD;Negeri;2023;234;23;3;12;10;0;0
5;11;Aceh;11.07;Kabupaten Pidie;11.07.03;Batee;SD NEGERI CALONG;10100869;SD;Negeri;2023;82;12;2;6;6;0;1
6;11;Aceh;11.07;Kabupaten Pidie;11.07.03;Batee;SD NEGERI KEUDE BATEE;10100440;SD;Negeri;2023;175;15;3;7;9;0;0
7;11;Aceh;11.07;Kabupaten Pidie;11.07.03;Batee;SD NEGERI KUALA BATEE;10100493;SD;Negeri;2023;193;10;3;8;7;0;1
8;11;Aceh;11.07;Kabupaten Pidie;11.07.03;Batee;SD NEGERI KULAM;10100495;SD;Negeri;2023;127;11;3;6;6;0;1
9;11;Aceh;11.07;Kabupaten Pidie;11.07.03;Batee;SD NEGERI NEUHEUN;10100360;SD;Negeri;2023;106;12;4;6;6;0;1
10;11;Aceh;11.07;Kabupaten Pidie;11.07.03;Batee;SD NEGERI PULO BUNGONG;10100394;SD;Negeri;2023;196;15;4;9;6;0;1
11;11;Aceh;11.07;Kabupaten Pidie;11.07.03;Batee;SD NEGERI TUNGKOP;10100586;SD;Negeri;2023;262;27;3;12;10;0;1
12;11;Aceh;11.07;Kabupaten Pidie;11.07.04;Delima;SD NEGERI 1 AREE;10100693;SD;Negeri;2023;189;15;3;8;11;1;1
13;11;Aceh;11.07;Kabupaten Pidie;11.07.04;Delima;SD NEGERI 3 AREE;10100953;SD;Negeri;2023;90;12;3;6;6;0;1
14;11;Aceh;11.07;Kabupaten Pidie;11.07.04;Delima;SD NEGERI BAMBONG;10100832;SD;Negeri;2023;87;15;2;6;6;0;1
15;11;Aceh;11.07;Kabupaten Pidie;11.07.04;Delima;SD NEGERI BEUAH;10100836;SD;Negeri;2023;77;12;2;6;6;0;1
16;11;Aceh;11.07;Kabupaten Pidie;11.07.04;Delima;SD NEGERI CEURIH MEE;10100871;SD;Negeri;2023;106;12;3;6;6;0;1
17;11;Aceh;11.07;Kabupaten Pidie;11.07.04;Delima;SD NEGERI DESA NEULOP;10100855;SD;Negeri;2023;204;12;2;9;8;0;1
18;11;Aceh;11.07;Kabupaten Pidie;11.07.04;Delima;SD NEGERI GLEE CEURIH;10100451;SD;Negeri;2023;86;12;3;6;6;0;1
19;11;Aceh;11.07;Kabupaten Pidie;11.07.04;Delima;SD NEGERI KEUTAPANG AREE;10100485;SD;Negeri;2023;78;14;3;6;6;0;1
20;11;Aceh;11.07;Kabupaten Pidie;11.07.04;Delima;SD NEGERI REUBEE;10100579;SD;Negeri;2023;186;16;4;7;9;0;1
21;11;Aceh;11.07;Kabupaten Pidie;11.07.04;Delima;SD NEGERI ULEE TUTUE AREE;10100636;SD;Negeri;2023;61;11;3;6;7;0;1
22;11;Aceh;11.07;Kabupaten Pidie;11.07.05;Geumpang;SD NEGERI BANGKEH;10100833;SD;Negeri;2023;69;10;3;6;6;0;1
23;11;Aceh;11.07;Kabupaten Pidie;11.07.05;Geumpang;SD NEGERI GEUMPANG;10100448;SD;Negeri;2023;207;11;3;6;6;0;1
24;11;Aceh;11.07;Kabupaten Pidie;11.07.05;Geumpang;SD NEGERI GEUMPANG II SIMPANG V;10108070;SD;Negeri;2023;1;2;1;3;6;0;0
25;11;Aceh;11.07;Kabupaten Pidie;11.07.05;Geumpang;SD NEGERI KEUNE;10100464;SD;Negeri;2023;73;10;4;6;6;0;1
26;11;Aceh;11.07;Kabupaten Pidie;11.07.05;Geumpang;SD NEGERI PANTON LUPU;10100413;SD;Negeri;2023;147;13;3;6;6;0;1
27;11;Aceh;11.07;Kabupaten Pidie;11.07.05;Geumpang;SD NEGERI PUCOK LUPU;10100393;SD;Negeri;2023;102;9;3;6;6;0;1
28;11;Aceh;11.07;Kabupaten Pidie;11.07.05;Geumpang;SD NEGERI PULO LHOIH;10100395;SD;Negeri;2023;98;10;4;6;6;1;1
29;11;Aceh;11.07;Kabupaten Pidie;11.07.29;Glumpang Baro;SD N 2 UNOE;10100954;SD;Negeri;2023;58;21;2;6;6;0;1
30;11;Aceh;11.07;Kabupaten Pidie;11.07.29;Glumpang Baro;SD N GLP. PAYONG;10100454;SD;Negeri;2023;125;16;2;6;6;0;1
31;11;Aceh;11.07;Kabupaten Pidie;11.07.29;Glumpang Baro;SD N TANJONG PUTEK;10100609;SD;Negeri;2023;66;20;2;6;6;0;1
32;11;Aceh;11.07;Kabupaten Pidie;11.07.29;Glumpang Baro;SD NEGERI COT GLUMPANG;10100875;SD;Negeri;2023;104;18;5;6;6;0;1
33;11;Aceh;11.07;Kabupaten Pidie;11.07.29;Glumpang Baro;SDN 1 UNOE;10100902;SD;Negeri;2023;60;16;4;6;6;0;1
34;11;Aceh;11.07;Kabupaten Pidie;11.07.06;Glumpang Tiga;SD N 2 TEUPIN RAYA;10100949;SD;Negeri;2023;114;16;4;6;6;0;1
35;11;Aceh;11.07;Kabupaten Pidie;11.07.06;Glumpang Tiga;SD N A R O N;10100807;SD;Negeri;2023;79;19;2;6;6;0;1
36;11;Aceh;11.07;Kabupaten Pidie;11.07.06;Glumpang Tiga;SD N JURONG PANDE;10100434;SD;Negeri;2023;36;20;5;6;6;0;1
37;11;Aceh;11.07;Kabupaten Pidie;11.07.06;Glumpang Tiga;SD N LUENG TAHE;10100476;SD;Negeri;2023;159;17;6;6;6;0;1
38;11;Aceh;11.07;Kabupaten Pidie;11.07.06;Glumpang Tiga;SD N MAMPLAM;10100479;SD;Negeri;2023;65;16;4;6;6;0;1
39;11;Aceh;11.07;Kabupaten Pidie;11.07.06;Glumpang Tiga;SD N MESJID AMUD;10100424;SD;Negeri;2023;74;20;3;6;6;0;1
40;11;Aceh;11.07;Kabupaten Pidie;11.07.06;Glumpang Tiga;SD NEGERI 1 TEUPIN RAYA;10100916;SD;Negeri;2023;76;14;2;6;6;0;1
41;11;Aceh;11.07;Kabupaten Pidie;11.07.06;Glumpang Tiga;SD NEGERI 3 TEUPIN RAYA;10100924;SD;Negeri;2023;160;18;3;7;7;0;2
42;11;Aceh;11.07;Kabupaten Pidie;11.07.06;Glumpang Tiga;SD NEGERI COT BAROH;10100873;SD;Negeri;2023;125;16;2;6;6;0;1
43;11;Aceh;11.07;Kabupaten Pidie;11.07.06;Glumpang Tiga;SD NEGERI DAYAH GUCI;10100851;SD;Negeri;2023;54;21;2;6;6;0;1
44;11;Aceh;11.07;Kabupaten Pidie;11.07.06;Glumpang Tiga;SD NEGERI GEUMUROH;10100449;SD;Negeri;2023;72;21;6;6;6;0;1
45;11;Aceh;11.07;Kabupaten Pidie;11.07.06;Glumpang Tiga;SD NEGERI GLUMPANG MINYEUK;10100453;SD;Negeri;2023;250;23;3;11;8;0;1
46;11;Aceh;11.07;Kabupaten Pidie;11.07.06;Glumpang Tiga;SD NEGERI PULO LON;10100396;SD;Negeri;2023;61;20;3;6;6;0;1
47;11;Aceh;11.07;Kabupaten Pidie;11.07.25;Grong-Grong;SD N GRONG-GRONG;10100459;SD;Negeri;2023;362;26;4;14;11;0;1
48;11;Aceh;11.07;Kabupaten Pidie;11.07.25;Grong-Grong;SD NEGERI PANGGE PILOK;10100387;SD;Negeri;2023;136;10;5;6;8;0;1
49;11;Aceh;11.07;Kabupaten Pidie;11.07.07;Indrajaya;SD N 1 GAROT;10100702;SD;Negeri;2023;120;11;3;6;6;0;0
50;11;Aceh;11.07;Kabupaten Pidie;11.07.07;Indrajaya;SD N BLUEK ULEE GAMPONG;10100866;SD;Negeri;2023;94;14;2;6;6;0;1
51;11;Aceh;11.07;Kabupaten Pidie;11.07.07;Indrajaya;SD N GAPUI SUWIEK;10100425;SD;Negeri;2023;99;15;2;6;6;0;1
52;11;Aceh;11.07;Kabupaten Pidie;11.07.07;Indrajaya;SD N PANTE GAROT;10100408;SD;Negeri;2023;105;11;4;6;6;0;1
53;11;Aceh;11.07;Kabupaten Pidie;11.07.07;Indrajaya;SD NEGERI 1 BLUEK GRONG-GRONG;10100698;SD;Negeri;2023;84;14;2;6;6;0;1
54;11;Aceh;11.07;Kabupaten Pidie;11.07.07;Indrajaya;SD NEGERI 1 CALEUE;10100700;SD;Negeri;2023;230;19;1;9;6;0;0
55;11;Aceh;11.07;Kabupaten Pidie;11.07.07;Indrajaya;SD NEGERI 1 LHOK KAJU;10100904;SD;Negeri;2023;158;13;2;6;7;0;1
56;11;Aceh;11.07;Kabupaten Pidie;11.07.07;Indrajaya;SD NEGERI 2 BLUEK GRONG-GRONG;10100887;SD;Negeri;2023;114;14;3;6;6;0;1
57;11;Aceh;11.07;Kabupaten Pidie;11.07.07;Indrajaya;SD NEGERI 2 GAROT;10100892;SD;Negeri;2023;154;13;6;7;7;0;1
58;11;Aceh;11.07;Kabupaten Pidie;11.07.07;Indrajaya;SD NEGERI BLUEK GLEE CUT;10100865;SD;Negeri;2023;139;13;4;6;6;0;1
59;11;Aceh;11.07;Kabupaten Pidie;11.07.07;Indrajaya;SD NEGERI DAMAI;10100849;SD;Negeri;2023;88;13;3;6;6;0;1
60;11;Aceh;11.07;Kabupaten Pidie;11.07.07;Indrajaya;SD NEGERI GAPUI;10100880;SD;Negeri;2023;129;15;3;6;6;1;1
61;11;Aceh;11.07;Kabupaten Pidie;11.07.07;Indrajaya;SD NEGERI GAROT CUT;10100446;SD;Negeri;2023;67;11;3;6;6;0;0
62;11;Aceh;11.07;Kabupaten Pidie;11.07.07;Indrajaya;SD NEGERI MESJID LHOK KAJU;10100354;SD;Negeri;2023;94;11;3;6;7;0;1
63;11;Aceh;11.07;Kabupaten Pidie;11.07.07;Indrajaya;SD NEGERI TUNGKOP JAYA;10100587;SD;Negeri;2023;109;10;4;6;6;0;1
64;11;Aceh;11.07;Kabupaten Pidie;11.07.08;Kembang Tanjung;SD NEGERI 1 KEMBANG TANJUNG;10100705;SD;Negeri;2023;78;6;14;1;6;0;1
65;11;Aceh;11.07;Kabupaten Pidie;11.07.08;Kembang Tanjung;SD NEGERI ARUSAN;10100828;SD;Negeri;2023;62;6;16;3;7;0;1
66;11;Aceh;11.07;Kabupaten Pidie;11.07.08;Kembang Tanjung;SD NEGERI ASAN KUMBANG;10100829;SD;Negeri;2023;100;6;11;2;6;0;1
67;11;Aceh;11.07;Kabupaten Pidie;11.07.08;Kembang Tanjung;SD NEGERI GAMPONG ASAN;10100457;SD;Negeri;2023;88;6;12;3;6;0;1
68;11;Aceh;11.07;Kabupaten Pidie;11.07.08;Kembang Tanjung;SD NEGERI IE LEUBEUE;10100445;SD;Negeri;2023;127;6;15;3;6;0;1
69;11;Aceh;11.07;Kabupaten Pidie;11.07.08;Kembang Tanjung;SD NEGERI JURONG MESJID;10100433;SD;Negeri;2023;121;6;12;4;6;0;1
70;11;Aceh;11.07;Kabupaten Pidie;11.07.08;Kembang Tanjung;SD NEGERI KANDANG;10100436;SD;Negeri;2023;64;6;13;3;6;0;1
71;11;Aceh;11.07;Kabupaten Pidie;11.07.08;Kembang Tanjung;SD NEGERI KUALA TARI;10100494;SD;Negeri;2023;26;6;14;2;6;0;1
72;11;Aceh;11.07;Kabupaten Pidie;11.07.08;Kembang Tanjung;SD NEGERI KUTA BARO;10100497;SD;Negeri;2023;75;6;12;3;6;0;1
73;11;Aceh;11.07;Kabupaten Pidie;11.07.08;Kembang Tanjung;SD NEGERI LAMKAWE;10100467;SD;Negeri;2023;228;9;14;4;8;0;1
74;11;Aceh;11.07;Kabupaten Pidie;11.07.08;Kembang Tanjung;SD NEGERI MEURAKSA;10100371;SD;Negeri;2023;57;6;12;2;6;0;1
75;11;Aceh;11.07;Kabupaten Pidie;11.07.08;Kembang Tanjung;SD NEGERI MNS KRUENG;10100377;SD;Negeri;2023;75;6;14;2;6;0;1
76;11;Aceh;11.07;Kabupaten Pidie;11.07.08;Kembang Tanjung;SD NEGERI PASI LHOK;10100416;SD;Negeri;2023;150;6;18;4;6;0;1
77;11;Aceh;11.07;Kabupaten Pidie;11.07.08;Kembang Tanjung;SD NEGERI PUSONG;10100402;SD;Negeri;2023;56;6;13;4;7;0;1
78;11;Aceh;11.07;Kabupaten Pidie;11.07.08;Kembang Tanjung;SDN JEUMEURANG;10111361;SD;Negeri;2023;87;6;12;3;6;0;1
79;11;Aceh;11.07;Kabupaten Pidie;11.07.22;Keumala;SD N 1 KEUMALA;10100706;SD;Negeri;2023;345;16;8;12;12;0;1
80;11;Aceh;11.07;Kabupaten Pidie;11.07.22;Keumala;SD N 2 KEUMALA;10100896;SD;Negeri;2023;81;13;2;6;8;0;1
81;11;Aceh;11.07;Kabupaten Pidie;11.07.22;Keumala;SD N NICAH;10100362;SD;Negeri;2023;182;12;2;6;7;0;1
82;11;Aceh;11.07;Kabupaten Pidie;11.07.22;Keumala;SD NEGERI COT SEUTUI;10100845;SD;Negeri;2023;78;11;2;6;6;0;1
83;11;Aceh;11.07;Kabupaten Pidie;11.07.22;Keumala;SD NEGERI MNS TUNONG;10100385;SD;Negeri;2023;140;14;4;6;6;0;1
84;11;Aceh;11.07;Kabupaten Pidie;11.07.22;Keumala;SD NEGERI U GADENG;10100591;SD;Negeri;2023;133;15;2;6;6;0;1
85;11;Aceh;11.07;Kabupaten Pidie;11.07.09;Kota Sigli;SD NEGERI 1 SIGLI;10100912;SD;Negeri;2023;493;28;5;17;17;0;0
86;11;Aceh;11.07;Kabupaten Pidie;11.07.09;Kota Sigli;SD NEGERI 2 TIJUE;10100950;SD;Negeri;2023;249;20;7;12;12;2;1
87;11;Aceh;11.07;Kabupaten Pidie;11.07.09;Kota Sigli;SD NEGERI 3 SIGLI;10100922;SD;Negeri;2023;466;24;7;13;10;0;1
88;11;Aceh;11.07;Kabupaten Pidie;11.07.09;Kota Sigli;SD NEGERI 4 SIGLI;10100929;SD;Negeri;2023;103;12;4;6;6;0;1
89;11;Aceh;11.07;Kabupaten Pidie;11.07.09;Kota Sigli;SD NEGERI 5 SIGLI;10100931;SD;Negeri;2023;227;17;4;12;12;0;1
90;11;Aceh;11.07;Kabupaten Pidie;11.07.09;Kota Sigli;SD NEGERI 6 SIGLI;10100933;SD;Negeri;2023;72;9;4;6;6;1;1
91;11;Aceh;11.07;Kabupaten Pidie;11.07.09;Kota Sigli;SD NEGERI 7 SIGLI;10100934;SD;Negeri;2023;93;10;2;6;6;0;1
92;11;Aceh;11.07;Kabupaten Pidie;11.07.09;Kota Sigli;SD NEGERI BLANG ASAN;10100824;SD;Negeri;2023;57;8;3;6;6;0;1
93;11;Aceh;11.07;Kabupaten Pidie;11.07.09;Kota Sigli;SD NEGERI BLOK SAWAH;10100864;SD;Negeri;2023;54;8;3;6;6;0;1
94;11;Aceh;11.07;Kabupaten Pidie;11.07.09;Kota Sigli;SD NEGERI PASI RAWA;10100417;SD;Negeri;2023;163;18;3;8;7;0;1
95;11;Aceh;11.07;Kabupaten Pidie;11.07.09;Kota Sigli;SD MUHAMMADIYAH SIGLI;10100352;SD;Swasta;2023;41;7;2;6;6;0;1
96;11;Aceh;11.07;Kabupaten Pidie;11.07.09;Kota Sigli;SD UNGGULAN IQRO;10108009;SD;Swasta;2023;361;27;5;19;20;2;1
97;11;Aceh;11.07;Kabupaten Pidie;11.07.27;Mane;SD NEGERI 1 LUTUENG;10100906;SD;Negeri;2023;148;12;1;6;8;0;1
98;11;Aceh;11.07;Kabupaten Pidie;11.07.27;Mane;SD NEGERI 2 LUTUENG;10100942;SD;Negeri;2023;167;11;2;6;6;0;1
99;11;Aceh;11.07;Kabupaten Pidie;11.07.27;Mane;SD NEGERI ALUE LANDONG;10100936;SD;Negeri;2023;119;14;1;6;6;0;1
100;11;Aceh;11.07;Kabupaten Pidie;11.07.27;Mane;SD NEGERI BLANG JAMBO MIE;10100815;SD;Negeri;2023;38;7;1;6;6;0;1
101;11;Aceh;11.07;Kabupaten Pidie;11.07.27;Mane;SD NEGERI COT U JAYA;10100846;SD;Negeri;2023;77;8;3;6;6;0;1
102;11;Aceh;11.07;Kabupaten Pidie;11.07.27;Mane;SD NEGERI MANE;10100854;SD;Negeri;2023;217;13;2;8;7;0;1
103;11;Aceh;11.07;Kabupaten Pidie;11.07.27;Mane;SD NEGERI SIMPANG TURUE;10100606;SD;Negeri;2023;128;12;3;7;7;0;1
104;11;Aceh;11.07;Kabupaten Pidie;11.07.27;Mane;SD NEGERI TURUE CUT;10100589;SD;Negeri;2023;93;9;3;6;6;0;1
105;11;Aceh;11.07;Kabupaten Pidie;11.07.11;Mila;SD N 1 LALA;10100728;SD;Negeri;2023;42;11;3;6;6;0;1
106;11;Aceh;11.07;Kabupaten Pidie;11.07.11;Mila;SD N ILOT;10100443;SD;Negeri;2023;77;9;3;6;6;0;1
107;11;Aceh;11.07;Kabupaten Pidie;11.07.11;Mila;SD NEGERI 1 ANDEUE;10100709;SD;Negeri;2023;151;13;2;6;6;0;0
108;11;Aceh;11.07;Kabupaten Pidie;11.07.11;Mila;SD NEGERI 2 ANDEUE;10100883;SD;Negeri;2023;38;11;2;6;6;0;1
109;11;Aceh;11.07;Kabupaten Pidie;11.07.11;Mila;SD NEGERI 2 LALA;10100899;SD;Negeri;2023;119;15;3;6;6;0;1
110;11;Aceh;11.07;Kabupaten Pidie;11.07.11;Mila;SD NEGERI BLANG CUT;10100810;SD;Negeri;2023;62;10;3;6;6;0;1
111;11;Aceh;11.07;Kabupaten Pidie;11.07.11;Mila;SD NEGERI MESJID ANDEUE;10100367;SD;Negeri;2023;111;14;3;6;6;0;1
112;11;Aceh;11.07;Kabupaten Pidie;11.07.11;Mila;SD NEGERI METAREUEM;10100386;SD;Negeri;2023;68;13;3;6;7;0;1
113;11;Aceh;11.07;Kabupaten Pidie;11.07.11;Mila;SD NEGERI MEUNASAH KUMBANG;10100379;SD;Negeri;2023;62;11;2;6;6;0;1
114;11;Aceh;11.07;Kabupaten Pidie;11.07.12;Muara Tiga;SD N 2 KALEE;10100894;SD;Negeri;2023;230;16;3;9;8;0;1
115;11;Aceh;11.07;Kabupaten Pidie;11.07.12;Muara Tiga;SD N SUKA JAYA;10100607;SD;Negeri;2023;192;11;3;7;8;0;1
116;11;Aceh;11.07;Kabupaten Pidie;11.07.12;Muara Tiga;SD N TGK. LAWEUENG;10100917;SD;Negeri;2023;330;19;6;13;14;1;1
117;11;Aceh;11.07;Kabupaten Pidie;11.07.12;Muara Tiga;SD NEGERI 1 CUREE;10100701;SD;Negeri;2023;81;13;3;6;6;0;1
118;11;Aceh;11.07;Kabupaten Pidie;11.07.12;Muara Tiga;SD NEGERI 1 KALEE;10100704;SD;Negeri;2023;157;14;3;7;6;0;1
119;11;Aceh;11.07;Kabupaten Pidie;11.07.12;Muara Tiga;SD NEGERI 2 CUREE;10100891;SD;Negeri;2023;225;19;3;11;10;0;1
120;11;Aceh;11.07;Kabupaten Pidie;11.07.12;Muara Tiga;SD NEGERI BLANG RAYA;10100822;SD;Negeri;2023;235;19;3;12;10;0;1
121;11;Aceh;11.07;Kabupaten Pidie;11.07.12;Muara Tiga;SD NEGERI GLEE CUT;10100452;SD;Negeri;2023;148;13;2;6;6;0;1
122;11;Aceh;11.07;Kabupaten Pidie;11.07.12;Muara Tiga;SD NEGERI LAWEUENG;10100472;SD;Negeri;2023;111;11;3;6;6;0;1
123;11;Aceh;11.07;Kabupaten Pidie;11.07.12;Muara Tiga;SD NEGERI MNS. COT LAWEUENG;10100375;SD;Negeri;2023;255;23;2;12;10;0;1
124;11;Aceh;11.07;Kabupaten Pidie;11.07.12;Muara Tiga;SD NEGERI MNS. MESJID;10100381;SD;Negeri;2023;112;12;2;6;6;0;1
125;11;Aceh;11.07;Kabupaten Pidie;11.07.12;Muara Tiga;SD NEGERI PAWOD;10100418;SD;Negeri;2023;48;11;2;6;6;0;1
126;11;Aceh;11.07;Kabupaten Pidie;11.07.13;Mutiara;SD N 6 BEUREUNUEN;10100932;SD;Negeri;2023;40;11;2;6;6;0;3
127;11;Aceh;11.07;Kabupaten Pidie;11.07.13;Mutiara;SD NEGERI 1 ADAN;10100710;SD;Negeri;2023;105;15;3;6;6;0;1
128;11;Aceh;11.07;Kabupaten Pidie;11.07.13;Mutiara;SD NEGERI 1 BUSU;10100699;SD;Negeri;2023;106;15;1;6;6;0;1
129;11;Aceh;11.07;Kabupaten Pidie;11.07.13;Mutiara;SD NEGERI 2 BUSU;10100889;SD;Negeri;2023;47;11;3;6;6;0;1
130;11;Aceh;11.07;Kabupaten Pidie;11.07.13;Mutiara;SD NEGERI 3 BEUREUNUEN;10100952;SD;Negeri;2023;268;20;3;12;12;0;1
131;11;Aceh;11.07;Kabupaten Pidie;11.07.13;Mutiara;SD NEGERI BEUREU-EH;10100842;SD;Negeri;2023;58;12;2;6;6;0;1
132;11;Aceh;11.07;Kabupaten Pidie;11.07.13;Mutiara;SD NEGERI GAMPONG GAJAH;10100458;SD;Negeri;2023;66;15;2;6;6;0;1
133;11;Aceh;11.07;Kabupaten Pidie;11.07.13;Mutiara;SD NEGERI JAMAN;10100427;SD;Negeri;2023;75;10;3;6;6;0;1
134;11;Aceh;11.07;Kabupaten Pidie;11.07.13;Mutiara;SD NEGERI JAMAN MESJID;10100428;SD;Negeri;2023;66;10;3;6;6;0;1
135;11;Aceh;11.07;Kabupaten Pidie;11.07.13;Mutiara;SD NEGERI KEUMANGAN;10100463;SD;Negeri;2023;74;14;3;6;6;0;1
136;11;Aceh;11.07;Kabupaten Pidie;11.07.13;Mutiara;SD NEGERI MNS. KUMBANG;10100378;SD;Negeri;2023;124;11;1;6;6;0;1
137;11;Aceh;11.07;Kabupaten Pidie;11.07.13;Mutiara;SD NEGERI MNS. PEUREULAK;10100383;SD;Negeri;2023;115;12;2;6;7;0;1
138;11;Aceh;11.07;Kabupaten Pidie;11.07.13;Mutiara;SD NEGERI TEUREUBUE;10100612;SD;Negeri;2023;86;12;3;6;7;0;1
139;11;Aceh;11.07;Kabupaten Pidie;11.07.13;Mutiara;SDIT BAITUN NADA;69978292;SD;Swasta;2023;366;32;4;14;6;0;1
140;11;Aceh;11.07;Kabupaten Pidie;11.07.13;Mutiara;SDS ISLAM MUTIARA;10108072;SD;Swasta;2023;354;22;3;15;17;1;1
141;11;Aceh;11.07;Kabupaten Pidie;11.07.24;Mutiara Timur;SD N 1 BEUREUNUEN;10100695;SD;Negeri;2023;388;24;5;15;15;0;1
142;11;Aceh;11.07;Kabupaten Pidie;11.07.24;Mutiara Timur;SD N 2 ADAN;10100901;SD;Negeri;2023;89;13;3;6;6;0;1
143;11;Aceh;11.07;Kabupaten Pidie;11.07.24;Mutiara Timur;SD N BARIEH;10100834;SD;Negeri;2023;94;9;3;6;6;0;1
144;11;Aceh;11.07;Kabupaten Pidie;11.07.24;Mutiara Timur;SD N BLANG MALU;10100820;SD;Negeri;2023;120;11;2;6;6;0;1
145;11;Aceh;11.07;Kabupaten Pidie;11.07.24;Mutiara Timur;SD N GUMPUENG MESJID;10100461;SD;Negeri;2023;77;16;3;6;6;0;1
146;11;Aceh;11.07;Kabupaten Pidie;11.07.24;Mutiara Timur;SD N TONG PERIA;10100582;SD;Negeri;2023;74;11;2;6;6;0;1
147;11;Aceh;11.07;Kabupaten Pidie;11.07.24;Mutiara Timur;SD NEGERI 1 UJONG RIMBA;10100919;SD;Negeri;2023;146;14;3;6;6;0;1
148;11;Aceh;11.07;Kabupaten Pidie;11.07.24;Mutiara Timur;SD NEGERI 2 BEUREUNUEN;10100884;SD;Negeri;2023;107;14;2;6;6;0;1
149;11;Aceh;11.07;Kabupaten Pidie;11.07.24;Mutiara Timur;SD NEGERI 2 UJONG RIMBA;10100956;SD;Negeri;2023;262;17;3;10;10;0;1
150;11;Aceh;11.07;Kabupaten Pidie;11.07.24;Mutiara Timur;SD NEGERI 4 BEUREUNUEN;10100925;SD;Negeri;2023;66;13;3;6;8;0;1
151;11;Aceh;11.07;Kabupaten Pidie;11.07.24;Mutiara Timur;SD NEGERI COT KUTHANG;10100879;SD;Negeri;2023;88;9;3;6;6;0;1
152;11;Aceh;11.07;Kabupaten Pidie;11.07.24;Mutiara Timur;SD NEGERI DAYAH TANOH;10100852;SD;Negeri;2023;260;15;2;11;9;0;0
153;11;Aceh;11.07;Kabupaten Pidie;11.07.24;Mutiara Timur;SD NEGERI DIDOH;10100858;SD;Negeri;2023;95;15;4;6;6;0;1
154;11;Aceh;11.07;Kabupaten Pidie;11.07.24;Mutiara Timur;SD NEGERI EUMPEH MON ARA;10100860;SD;Negeri;2023;111;13;3;6;6;0;1
155;11;Aceh;11.07;Kabupaten Pidie;11.07.24;Mutiara Timur;SD NEGERI JEURAT MANYANG;10100431;SD;Negeri;2023;116;11;3;6;6;0;1
156;11;Aceh;11.07;Kabupaten Pidie;11.07.24;Mutiara Timur;SD NEGERI KAMPONG COT;10100488;SD;Negeri;2023;87;15;3;6;6;0;1
157;11;Aceh;11.07;Kabupaten Pidie;11.07.24;Mutiara Timur;SD NEGERI KARIENG;10100439;SD;Negeri;2023;74;13;2;6;6;0;1
158;11;Aceh;11.07;Kabupaten Pidie;11.07.24;Mutiara Timur;SD NEGERI RAMBONG;10100423;SD;Negeri;2023;115;14;3;6;6;0;1
159;11;Aceh;11.07;Kabupaten Pidie;11.07.24;Mutiara Timur;SD NEGERI RAUBAT;10100501;SD;Negeri;2023;75;10;3;6;6;0;1
160;11;Aceh;11.07;Kabupaten Pidie;11.07.24;Mutiara Timur;SD NEGERI TGK DIBAYU;10100614;SD;Negeri;2023;59;15;4;6;6;0;1
161;11;Aceh;11.07;Kabupaten Pidie;11.07.24;Mutiara Timur;SD NEGERI USI;10100638;SD;Negeri;2023;38;11;3;6;5;0;0
162;11;Aceh;11.07;Kabupaten Pidie;11.07.24;Mutiara Timur;SDIT AL - LATIF;69987032;SD;Swasta;2023;120;10;4;5;5;0;0
163;11;Aceh;11.07;Kabupaten Pidie;11.07.14;Padang Tiji;SD N 1 PADANG TIJI;10100908;SD;Negeri;2023;329;20;5;15;18;0;1
164;11;Aceh;11.07;Kabupaten Pidie;11.07.14;Padang Tiji;SD NEGERI 1 KUNYET;10100708;SD;Negeri;2023;31;15;3;6;6;0;1
165;11;Aceh;11.07;Kabupaten Pidie;11.07.14;Padang Tiji;SD NEGERI 2 KUNYET;10100898;SD;Negeri;2023;141;17;2;6;6;0;1
166;11;Aceh;11.07;Kabupaten Pidie;11.07.14;Padang Tiji;SD NEGERI 2 PADANG TIJI;10100943;SD;Negeri;2023;127;17;4;6;6;0;1
167;11;Aceh;11.07;Kabupaten Pidie;11.07.14;Padang Tiji;SD NEGERI 4 PADANG TIJI;10100928;SD;Negeri;2023;132;11;4;6;6;1;1
168;11;Aceh;11.07;Kabupaten Pidie;11.07.14;Padang Tiji;SD NEGERI BEURABO;10100838;SD;Negeri;2023;124;12;3;6;6;0;1
169;11;Aceh;11.07;Kabupaten Pidie;11.07.14;Padang Tiji;SD NEGERI BLANG SEUPENG;10100823;SD;Negeri;2023;48;8;2;6;6;0;1
170;11;Aceh;11.07;Kabupaten Pidie;11.07.14;Padang Tiji;SD NEGERI COT KEUTAPANG;10100878;SD;Negeri;2023;88;12;3;6;6;0;1
171;11;Aceh;11.07;Kabupaten Pidie;11.07.14;Padang Tiji;SD NEGERI GEULEUDIENG;10100447;SD;Negeri;2023;138;22;4;6;6;0;1
172;11;Aceh;11.07;Kabupaten Pidie;11.07.14;Padang Tiji;SD NEGERI GOGO;10100455;SD;Negeri;2023;61;9;4;6;6;0;1
173;11;Aceh;11.07;Kabupaten Pidie;11.07.14;Padang Tiji;SD NEGERI MNS. COT KUNYET;10100374;SD;Negeri;2023;121;11;5;6;6;0;1
174;11;Aceh;11.07;Kabupaten Pidie;11.07.14;Padang Tiji;SD NEGERI PEUDAYA;10100421;SD;Negeri;2023;75;16;3;6;6;0;1
175;11;Aceh;11.07;Kabupaten Pidie;11.07.14;Padang Tiji;SD NEGERI TANJONG;10100608;SD;Negeri;2023;54;12;2;6;6;0;1
176;11;Aceh;11.07;Kabupaten Pidie;11.07.14;Padang Tiji;SD NEGERI ULEE TUTUE;10100616;SD;Negeri;2023;142;11;3;6;6;0;1
177;11;Aceh;11.07;Kabupaten Pidie;11.07.14;Padang Tiji;SD PANTE MERIA;10100410;SD;Negeri;2023;57;13;3;6;6;0;1
178;11;Aceh;11.07;Kabupaten Pidie;11.07.15;Peukan Baro;SD N CEMPALA KUNENG;10100870;SD;Negeri;2023;47;14;2;6;7;0;1
179;11;Aceh;11.07;Kabupaten Pidie;11.07.15;Peukan Baro;SD N GUCI RUMPONG;10100460;SD;Negeri;2023;66;14;2;6;6;0;1
180;11;Aceh;11.07;Kabupaten Pidie;11.07.15;Peukan Baro;SD NEGERI 1 BAMBI;10100694;SD;Negeri;2023;154;17;3;6;6;0;1
181;11;Aceh;11.07;Kabupaten Pidie;11.07.15;Peukan Baro;SD NEGERI 1 LAMPOIH SAKA;10100806;SD;Negeri;2023;291;18;3;12;11;0;1
182;11;Aceh;11.07;Kabupaten Pidie;11.07.15;Peukan Baro;SD NEGERI 2 LAMPOIH SAKA;10100900;SD;Negeri;2023;66;14;3;6;6;0;1
183;11;Aceh;11.07;Kabupaten Pidie;11.07.15;Peukan Baro;SD NEGERI KRUENG DAYAH;10100490;SD;Negeri;2023;53;13;3;6;6;0;1
184;11;Aceh;11.07;Kabupaten Pidie;11.07.15;Peukan Baro;SD NEGERI KRUENG SEMIDEUN;10100492;SD;Negeri;2023;56;13;3;6;6;0;1
185;11;Aceh;11.07;Kabupaten Pidie;11.07.15;Peukan Baro;SD NEGERI MEULEUWEUEK;10100370;SD;Negeri;2023;35;15;0;6;6;0;1
186;11;Aceh;11.07;Kabupaten Pidie;11.07.15;Peukan Baro;SD NEGERI PINEUNG;10100392;SD;Negeri;2023;108;11;3;6;6;0;1
187;11;Aceh;11.07;Kabupaten Pidie;11.07.15;Peukan Baro;SD NEGERI RAMBAYAN;10100403;SD;Negeri;2023;73;15;3;6;6;0;1
188;11;Aceh;11.07;Kabupaten Pidie;11.07.15;Peukan Baro;SD NEGERI SEUPENG;10100604;SD;Negeri;2023;48;14;3;6;6;0;1
189;11;Aceh;11.07;Kabupaten Pidie;11.07.15;Peukan Baro;SD NEGERI WAIDO;10100640;SD;Negeri;2023;64;12;1;6;6;0;1
190;11;Aceh;11.07;Kabupaten Pidie;11.07.15;Peukan Baro;SD SUKMA BANGSA KABUPATEN PIDIE;10107927;SD;Swasta;2023;177;17;2;10;10;2;1
191;11;Aceh;11.07;Kabupaten Pidie;11.07.16;Pidie;SD N 1 PEUKAN PIDIE;10100910;SD;Negeri;2023;429;22;5;12;10;0;1
192;11;Aceh;11.07;Kabupaten Pidie;11.07.16;Pidie;SD NEGERI 1 SANGGEUE;10100911;SD;Negeri;2023;92;10;2;6;6;0;1
193;11;Aceh;11.07;Kabupaten Pidie;11.07.16;Pidie;SD NEGERI 1 TEUBENG;10100915;SD;Negeri;2023;186;11;4;6;6;0;1
194;11;Aceh;11.07;Kabupaten Pidie;11.07.16;Pidie;SD NEGERI 2 PEUKAN PIDIE;10100945;SD;Negeri;2023;150;13;4;6;8;1;1
195;11;Aceh;11.07;Kabupaten Pidie;11.07.16;Pidie;SD NEGERI 2 TEUBENG;10100948;SD;Negeri;2023;75;10;3;6;6;0;0
196;11;Aceh;11.07;Kabupaten Pidie;11.07.16;Pidie;SD NEGERI 3 PEUKAN PIDIE;10100938;SD;Negeri;2023;179;10;1;7;6;0;1
197;11;Aceh;11.07;Kabupaten Pidie;11.07.16;Pidie;SD NEGERI 4 PEUKAN PIDIE;10100486;SD;Negeri;2023;163;14;4;6;15;0;1
198;11;Aceh;11.07;Kabupaten Pidie;11.07.16;Pidie;SD NEGERI BLANG GALANG;10100812;SD;Negeri;2023;116;11;3;6;7;0;1
199;11;Aceh;11.07;Kabupaten Pidie;11.07.16;Pidie;SD NEGERI BLANG KULA;10100818;SD;Negeri;2023;157;11;3;6;8;0;1
200;11;Aceh;11.07;Kabupaten Pidie;11.07.16;Pidie;SD NEGERI COT GUNDUEK;10100876;SD;Negeri;2023;22;9;4;6;6;0;1
201;11;Aceh;11.07;Kabupaten Pidie;11.07.16;Pidie;SD NEGERI DAYAH TEUNGOH;10100853;SD;Negeri;2023;94;13;1;6;6;0;1
202;11;Aceh;11.07;Kabupaten Pidie;11.07.16;Pidie;SD NEGERI DESA PALOH;10100856;SD;Negeri;2023;155;12;3;7;6;0;1
203;11;Aceh;11.07;Kabupaten Pidie;11.07.16;Pidie;SD NEGERI KEULIBEUET;10100441;SD;Negeri;2023;142;16;6;6;8;0;1
204;11;Aceh;11.07;Kabupaten Pidie;11.07.16;Pidie;SD NEGERI LANGGO;10100470;SD;Negeri;2023;113;10;2;6;6;0;1
205;11;Aceh;11.07;Kabupaten Pidie;11.07.16;Pidie;SD NEGERI PEUKAN BARO;10100404;SD;Negeri;2023;147;9;4;6;7;0;1
206;11;Aceh;11.07;Kabupaten Pidie;11.07.16;Pidie;SD NEGERI TGK DIANJONG;10100613;SD;Negeri;2023;30;10;2;6;6;0;1
207;11;Aceh;11.07;Kabupaten Pidie;11.07.16;Pidie;SD NEGERI TIBANG;10100598;SD;Negeri;2023;20;10;2;6;6;0;0
208;11;Aceh;11.07;Kabupaten Pidie;11.07.16;Pidie;SD NEGERI TUMPOK LAWEUENG;10100585;SD;Negeri;2023;70;7;3;6;6;0;1
209;11;Aceh;11.07;Kabupaten Pidie;11.07.16;Pidie;SD NEGERI UTUE;10100639;SD;Negeri;2023;207;19;2;8;9;0;1
210;11;Aceh;11.07;Kabupaten Pidie;11.07.16;Pidie;SDIT IBNU MAS UD;69973572;SD;Swasta;2023;442;29;1;17;11;1;1
211;11;Aceh;11.07;Kabupaten Pidie;11.07.17;Sakti;SD N 2 KOTABAKTI;10100897;SD;Negeri;2023;307;20;6;12;12;0;1
212;11;Aceh;11.07;Kabupaten Pidie;11.07.17;Sakti;SD N KAMPONG JEUMPA;10100489;SD;Negeri;2023;65;13;3;6;6;0;1
213;11;Aceh;11.07;Kabupaten Pidie;11.07.17;Sakti;SD N KANDANG;10100437;SD;Negeri;2023;106;11;3;6;6;0;1
214;11;Aceh;11.07;Kabupaten Pidie;11.07.17;Sakti;SD N MALI;10100478;SD;Negeri;2023;66;12;3;6;6;0;1
215;11;Aceh;11.07;Kabupaten Pidie;11.07.17;Sakti;SD N MESJID LAMEUE;10100355;SD;Negeri;2023;102;12;3;6;6;0;1
216;11;Aceh;11.07;Kabupaten Pidie;11.07.17;Sakti;SD N PALOH JEUREULA;10100365;SD;Negeri;2023;34;13;2;6;6;0;0
217;11;Aceh;11.07;Kabupaten Pidie;11.07.17;Sakti;SD N PERLAK BAROH;10100420;SD;Negeri;2023;33;11;3;6;6;0;1
218;11;Aceh;11.07;Kabupaten Pidie;11.07.17;Sakti;SD NEGERI 1 KOTA BAKTI;10100707;SD;Negeri;2023;44;9;2;6;6;0;1
219;11;Aceh;11.07;Kabupaten Pidie;11.07.17;Sakti;SD NEGERI 4 KOTABAKTI;10100926;SD;Negeri;2023;45;12;3;6;6;0;1
220;11;Aceh;11.07;Kabupaten Pidie;11.07.17;Sakti;SD NEGERI BLANG COT;10100809;SD;Negeri;2023;55;13;3;6;10;0;1
221;11;Aceh;11.07;Kabupaten Pidie;11.07.17;Sakti;SD NEGERI COT MURONG;10100861;SD;Negeri;2023;35;9;2;6;6;0;1
222;11;Aceh;11.07;Kabupaten Pidie;11.07.17;Sakti;SD NEGERI CUMBOK LIE;10100848;SD;Negeri;2023;33;11;3;6;3;0;0
223;11;Aceh;11.07;Kabupaten Pidie;11.07.17;Sakti;SD NEGERI KAMPUNG COT;10100435;SD;Negeri;2023;47;12;3;6;6;0;1
224;11;Aceh;11.07;Kabupaten Pidie;11.07.17;Sakti;SD NEGERI LAM UJONG;10100465;SD;Negeri;2023;54;16;2;6;6;0;1
225;11;Aceh;11.07;Kabupaten Pidie;11.07.17;Sakti;SD NEGERI LAMEUE;10100466;SD;Negeri;2023;150;15;5;6;6;0;1
226;11;Aceh;11.07;Kabupaten Pidie;11.07.17;Sakti;SD NEGERI LANGGA;10100469;SD;Negeri;2023;141;11;4;6;6;0;1
227;11;Aceh;11.07;Kabupaten Pidie;11.07.17;Sakti;SD NEGERI MNS. TANOH;10100384;SD;Negeri;2023;86;11;2;6;6;0;1
228;11;Aceh;11.07;Kabupaten Pidie;11.07.17;Sakti;SD NEGERI RIWEUEK;10100600;SD;Negeri;2023;61;14;3;6;6;0;1
229;11;Aceh;11.07;Kabupaten Pidie;11.07.17;Sakti;SD NEGERI SAKTI;10100602;SD;Negeri;2023;224;15;4;8;6;0;1
230;11;Aceh;11.07;Kabupaten Pidie;11.07.18;Simpang Tiga;SD NEGERI 1 GIGIENG;10100703;SD;Negeri;2023;180;11;3;7;9;0;1
231;11;Aceh;11.07;Kabupaten Pidie;11.07.18;Simpang Tiga;SD NEGERI 2 GIGIENG;10100893;SD;Negeri;2023;268;25;4;13;13;0;1
232;11;Aceh;11.07;Kabupaten Pidie;11.07.18;Simpang Tiga;SD NEGERI 3 GIGIENG;10100951;SD;Negeri;2023;114;12;2;6;6;0;1
233;11;Aceh;11.07;Kabupaten Pidie;11.07.18;Simpang Tiga;SD NEGERI BUNGIE;10100867;SD;Negeri;2023;103;16;2;6;6;0;2
234;11;Aceh;11.07;Kabupaten Pidie;11.07.18;Simpang Tiga;SD NEGERI COT JAJA;10100877;SD;Negeri;2023;102;13;2;6;6;0;1
235;11;Aceh;11.07;Kabupaten Pidie;11.07.18;Simpang Tiga;SD NEGERI IBOH;10100462;SD;Negeri;2023;113;15;4;6;6;1;1
236;11;Aceh;11.07;Kabupaten Pidie;11.07.18;Simpang Tiga;SD NEGERI KP. BLANG IBOIH;10100487;SD;Negeri;2023;215;20;3;11;9;0;1
237;11;Aceh;11.07;Kabupaten Pidie;11.07.18;Simpang Tiga;SD NEGERI KUTA SUKON;10100482;SD;Negeri;2023;33;11;3;6;7;0;1
238;11;Aceh;11.07;Kabupaten Pidie;11.07.18;Simpang Tiga;SD NEGERI MANGKI;10100480;SD;Negeri;2023;82;16;3;6;6;0;0
239;11;Aceh;11.07;Kabupaten Pidie;11.07.18;Simpang Tiga;SD NEGERI MEUREUHOM;10100372;SD;Negeri;2023;59;12;2;6;6;0;1
240;11;Aceh;11.07;Kabupaten Pidie;11.07.18;Simpang Tiga;SD NEGERI MNS LHEE;10100380;SD;Negeri;2023;96;15;1;6;6;0;1
241;11;Aceh;11.07;Kabupaten Pidie;11.07.18;Simpang Tiga;SD NEGERI PALEUE;10100364;SD;Negeri;2023;112;14;2;6;6;0;1
242;11;Aceh;11.07;Kabupaten Pidie;11.07.18;Simpang Tiga;SD NEGERI PULO RAYA;10100398;SD;Negeri;2023;49;11;3;6;6;0;1
243;11;Aceh;11.07;Kabupaten Pidie;11.07.18;Simpang Tiga;SD NEGERI TINDEUE;10100597;SD;Negeri;2023;73;13;3;6;6;0;1
244;11;Aceh;11.07;Kabupaten Pidie;11.07.18;Simpang Tiga;SD NEGERI TUNGOE;10100588;SD;Negeri;2023;102;14;3;6;6;0;1
245;11;Aceh;11.07;Kabupaten Pidie;11.07.19;Tangse;SD NEGERI 1 TANGSE;10100913;SD;Negeri;2023;83;11;3;6;6;0;1
246;11;Aceh;11.07;Kabupaten Pidie;11.07.19;Tangse;SD NEGERI 1 TANJONG BUNGONG;10100914;SD;Negeri;2023;196;13;5;7;7;0;1
247;11;Aceh;11.07;Kabupaten Pidie;11.07.19;Tangse;SD NEGERI 2 TANGSE;10100946;SD;Negeri;2023;83;9;5;6;6;0;1
248;11;Aceh;11.07;Kabupaten Pidie;11.07.19;Tangse;SD NEGERI 2 TANJONG BUNGONG;10100947;SD;Negeri;2023;57;13;5;6;7;0;1
249;11;Aceh;11.07;Kabupaten Pidie;11.07.19;Tangse;SD NEGERI 3 TANGSE;10100923;SD;Negeri;2023;183;10;3;6;6;0;1
250;11;Aceh;11.07;Kabupaten Pidie;11.07.19;Tangse;SD NEGERI ALUE CALONG;10100935;SD;Negeri;2023;101;12;2;6;6;0;1
251;11;Aceh;11.07;Kabupaten Pidie;11.07.19;Tangse;SD NEGERI ALUE LHOK;10100937;SD;Negeri;2023;42;11;2;6;6;0;1
252;11;Aceh;11.07;Kabupaten Pidie;11.07.19;Tangse;SD NEGERI BEUNGGA;10100837;SD;Negeri;2023;205;14;2;8;8;0;1
253;11;Aceh;11.07;Kabupaten Pidie;11.07.19;Tangse;SD NEGERI BLANG JEURAT;10100816;SD;Negeri;2023;97;11;3;6;6;0;1
254;11;Aceh;11.07;Kabupaten Pidie;11.07.19;Tangse;SD NEGERI BLANG MALO;10100819;SD;Negeri;2023;155;11;2;6;6;0;1
255;11;Aceh;11.07;Kabupaten Pidie;11.07.19;Tangse;SD NEGERI BLANG PANDAK;10100821;SD;Negeri;2023;78;13;5;6;6;0;1
256;11;Aceh;11.07;Kabupaten Pidie;11.07.19;Tangse;SD NEGERI BLANG TEUNGOH;10100844;SD;Negeri;2023;82;15;2;6;6;0;1
257;11;Aceh;11.07;Kabupaten Pidie;11.07.19;Tangse;SD NEGERI GEUNIE;10100450;SD;Negeri;2023;96;14;2;6;6;0;0
258;11;Aceh;11.07;Kabupaten Pidie;11.07.19;Tangse;SD NEGERI KRUENG MEURIAM;10100491;SD;Negeri;2023;59;12;1;6;6;0;1
259;11;Aceh;11.07;Kabupaten Pidie;11.07.19;Tangse;SD NEGERI LHOK KEUTAPANG;10100474;SD;Negeri;2023;121;12;1;6;6;1;1
260;11;Aceh;11.07;Kabupaten Pidie;11.07.19;Tangse;SD NEGERI NEBUEK BADUEK;10100359;SD;Negeri;2023;33;12;4;6;6;0;0
261;11;Aceh;11.07;Kabupaten Pidie;11.07.19;Tangse;SD NEGERI PAYA GUCI;10100419;SD;Negeri;2023;78;13;3;6;9;0;1
262;11;Aceh;11.07;Kabupaten Pidie;11.07.19;Tangse;SD NEGERI PEUNALOM II;10100390;SD;Negeri;2023;98;11;1;6;6;0;1
263;11;Aceh;11.07;Kabupaten Pidie;11.07.19;Tangse;SD NEGERI PULO SEUNONG;10100399;SD;Negeri;2023;74;13;2;6;7;0;1
264;11;Aceh;11.07;Kabupaten Pidie;11.07.19;Tangse;SD NEGERI SARAH PANYANG;10100603;SD;Negeri;2023;101;11;4;6;7;0;1
265;11;Aceh;11.07;Kabupaten Pidie;11.07.19;Tangse;SD NEGERI UJONG PEUNALOM;10100593;SD;Negeri;2023;86;9;3;6;6;0;1
266;11;Aceh;11.07;Kabupaten Pidie;11.07.19;Tangse;SDN NEUBOK BADEUK II;10111160;SD;Negeri;2023;98;13;4;6;6;0;1
267;11;Aceh;11.07;Kabupaten Pidie;11.07.21;Tiro/Truseb;SD N DAYA BLANG KEUDAH;10100850;SD;Negeri;2023;125;13;3;6;6;0;1
268;11;Aceh;11.07;Kabupaten Pidie;11.07.21;Tiro/Truseb;SD N LHOK IGEUH;10100473;SD;Negeri;2023;68;13;2;6;6;0;1
269;11;Aceh;11.07;Kabupaten Pidie;11.07.21;Tiro/Truseb;SD N TRUSEB;10100584;SD;Negeri;2023;146;11;3;6;6;0;1
270;11;Aceh;11.07;Kabupaten Pidie;11.07.21;Tiro/Truseb;SD NEGERI BLANG KEUDAH;10100817;SD;Negeri;2023;62;10;3;6;6;0;1
271;11;Aceh;11.07;Kabupaten Pidie;11.07.21;Tiro/Truseb;SD NEGERI KAREUNG;10100438;SD;Negeri;2023;42;12;2;6;6;0;1
272;11;Aceh;11.07;Kabupaten Pidie;11.07.21;Tiro/Truseb;SD NEGERI PULO TAMBO;10100400;SD;Negeri;2023;61;10;2;6;6;0;1
273;11;Aceh;11.07;Kabupaten Pidie;11.07.21;Tiro/Truseb;SD NEGERI TIRO;10100596;SD;Negeri;2023;204;17;3;9;9;0;1
274;11;Aceh;11.07;Kabupaten Pidie;11.07.21;Tiro/Truseb;SD NEGERI TRIENG JUDO;10100583;SD;Negeri;2023;49;14;2;6;6;0;1
275;11;Aceh;11.07;Kabupaten Pidie;11.07.31;Titeu;SD N PANTEKULU;10100409;SD;Negeri;2023;98;14;4;6;6;0;1
276;11;Aceh;11.07;Kabupaten Pidie;11.07.31;Titeu;SD N TONG PEUDENG;10100581;SD;Negeri;2023;101;12;3;6;11;0;1
277;11;Aceh;11.07;Kabupaten Pidie;11.07.31;Titeu;SD NEGERI MNS. ALUE;10100373;SD;Negeri;2023;109;14;3;6;6;0;1
278;11;Aceh;11.07;Kabupaten Pidie;11.07.31;Titeu;SD NEGERI PALOH NALEUENG;10100366;SD;Negeri;2023;32;10;2;5;6;0;1
279;11;Aceh;11.07;Kabupaten Pidie;11.07.31;Titeu;SD NEGERI TITEUE;10100580;SD;Negeri;2023;164;12;4;6;6;0;0
Total;;;;;;;Total;Total;Total;Total;;33730;3720;986;1865;1926;17;264
